Fechas,Global_Avg,Difusa_Avg,Directa_Avg
2017-07-04 00:00:00,-425.63389999999998,-1199.6800000000001,-425.63389999999998
2017-07-05 00:00:00,4948250.0,2827172.0,4948250.0
2017-07-06 00:00:00,2108513.0,1603977.0,2108513.0
2017-07-07 00:00:00,9077290.0,4269432.0,9077290.0
2017-07-08 00:00:00,11402720.0,2121404.0,11402720.0
2017-07-09 00:00:00,5492724.0,3965879.0,5492724.0
2017-07-10 00:00:00,10136530.0,5181039.0,10136530.0
2017-07-11 00:00:00,9004660.0,3815592.0,9004660.0
2017-07-12 00:00:00,13661390.0,1740179.0,13661390.0
2017-07-13 00:00:00,7112.5479999999998,3927.1120000000001,7112.5479999999998
2017-07-14 00:00:00,6990754.0,4404297.0,6990754.0
2017-07-15 00:00:00,10403720.0,4735568.0,10403720.0
2017-07-16 00:00:00,9511026.0,4700172.0,9511026.0
2017-07-17 00:00:00,13129670.0,2317050.0,13129670.0
2017-07-18 00:00:00,14509840.0,1508414.0,14509840.0
2017-07-19 00:00:00,14392270.0,1387226.0,14392270.0
2017-07-20 00:00:00,14093770.0,1678847.0,14093770.0
2017-07-21 00:00:00,14199740.0,1741522.0,14199740.0
2017-07-22 00:00:00,14241470.0,1776677.0,14241470.0
2017-07-23 00:00:00,1826555.0,1394696.0,1826555.0
2017-07-24 00:00:00,2953081.0,2255326.0,2953081.0
2017-07-25 00:00:00,9503241.0,4112638.0,9503241.0
2017-07-26 00:00:00,13300320.0,3206399.0,13300320.0
2017-07-27 00:00:00,12037150.0,1716089.0,12037150.0
2017-07-28 00:00:00,333459.29999999999,178199.0,333459.29999999999
2017-07-29 00:00:00,12285520.0,4598446.0,12285520.0
2017-07-30 00:00:00,10819550.0,5885383.0,10819550.0
2017-07-31 00:00:00,14870330.0,4605414.0,14870330.0
2017-08-01 00:00:00,7439425.0,4880463.0,7439425.0
2017-08-02 00:00:00,2551386.0,1948770.0,2551386.0
2017-08-03 00:00:00,188111.60000000001,53183.760000000002,188111.60000000001
2017-08-04 00:00:00,52031.160000000003,12247.209999999999,52031.160000000003
2017-08-05 00:00:00,13256250.0,4226540.0,13256250.0
2017-08-06 00:00:00,4504887.0,3424304.0,4504887.0
2017-08-07 00:00:00,9991170.0,4179961.0,9991170.0
2017-08-08 00:00:00,7930192.0,5456400.0,7930192.0
2017-08-09 00:00:00,13021840.0,5572549.0,13021840.0
2017-08-10 00:00:00,2099420.0,1596725.0,2099420.0
2017-08-11 00:00:00,5291946.0,3997132.0,5291946.0
2017-08-12 00:00:00,3496826.0,2644590.0,3496826.0
2017-08-13 00:00:00,17471600.0,2871096.0,17471600.0
2017-08-14 00:00:00,5705438.0,4299368.0,5705438.0
2017-08-15 00:00:00,18233180.0,1776433.0,18233180.0
2017-08-16 00:00:00,12638320.0,5274627.0,12638320.0
2017-08-17 00:00:00,12012200.0,1434523.0,12012200.0
2017-08-18 00:00:00,18025950.0,2670957.0,18025950.0
2017-08-19 00:00:00,7399638.0,3918275.0,7399638.0
2017-08-20 00:00:00,11441840.0,6026005.0,11441840.0
2017-08-21 00:00:00,18357330.0,2550389.0,18357330.0
2017-08-22 00:00:00,19266720.0,2698476.0,19266720.0
2017-08-23 00:00:00,10720910.0,6486862.0,10720910.0
2017-08-24 00:00:00,16267230.0,3615145.0,16267230.0
2017-08-25 00:00:00,-7432.3050000000003,-6134.7030000000004,-7432.3050000000003
2017-08-26 00:00:00,17124800.0,5721510.0,17124800.0
2017-08-27 00:00:00,10453740.0,7275992.0,10453740.0
2017-08-28 00:00:00,28387.75,16685.52,28387.75
2017-08-29 00:00:00,9336774.0,5971648.0,9336774.0
2017-08-30 00:00:00,10306400.0,953098.90000000002,10306400.0
2017-08-31 00:00:00,21268710.0,2275793.0,21268710.0
2017-09-01 00:00:00,21176690.0,2762259.0,21176690.0
2017-09-02 00:00:00,11453820.0,4390656.0,11453820.0
2017-09-03 00:00:00,19755390.0,4993184.0,19755390.0
2017-09-04 00:00:00,5067600.0,3812705.0,5067600.0
2017-09-05 00:00:00,22232430.0,2431061.0,22232430.0
2017-09-06 00:00:00,14285570.0,9114392.0,14285570.0
2017-09-07 00:00:00,18506590.0,8438821.0,18506590.0
2017-09-08 00:00:00,21486350.0,4161773.0,21486350.0
2017-09-09 00:00:00,5592755.0,4270146.0,5592755.0
2017-09-10 00:00:00,6476541.0,4922259.0,6476541.0
2017-09-11 00:00:00,9583774.0,6365060.0,9583774.0
2017-09-12 00:00:00,8158544.0,6203327.0,8158544.0
2017-09-13 00:00:00,19997890.0,4056779.0,19997890.0
2017-09-14 00:00:00,18630010.0,7581150.0,18630010.0
2017-09-15 00:00:00,17094740.0,7423420.0,17094740.0
2017-09-16 00:00:00,24042250.0,3504558.0,24042250.0
2017-09-17 00:00:00,25876020.0,1896362.0,25876020.0
2017-09-18 00:00:00,25401850.0,2685865.0,25401850.0
2017-09-19 00:00:00,21361510.0,6430084.0,21361510.0
2017-09-20 00:00:00,7031626.0,5333627.0,7031626.0
2017-09-21 00:00:00,20831630.0,6754770.0,20831630.0
2017-09-22 00:00:00,25099470.0,3502120.0,25099470.0
2017-09-23 00:00:00,25214600.0,3236981.0,25214600.0
2017-09-24 00:00:00,25642620.0,3389437.0,25642620.0
2017-09-25 00:00:00,21844570.0,6548133.0,21844570.0
2017-09-26 00:00:00,14746450.0,5002303.0,14746450.0
2017-09-27 00:00:00,15884450.0,9385352.0,15884450.0
2017-09-28 00:00:00,14934780.0,8775574.0,14934780.0
2017-09-29 00:00:00,10886830.0,8047013.0,10886830.0
2017-09-30 00:00:00,16907780.0,9906462.0,16907780.0
2017-10-01 00:00:00,4577783.0,3495101.0,4577783.0
2017-10-02 00:00:00,25293080.0,6957449.0,25293080.0
2017-10-03 00:00:00,14034910.0,9934421.0,14034910.0
2017-10-04 00:00:00,19317630.0,7250334.0,19317630.0
2017-10-05 00:00:00,13436290.0,9993603.0,13436290.0
2017-10-06 00:00:00,4469683.0,2368011.0,4469683.0
2017-10-07 00:00:00,28722250.0,3268647.0,28722250.0
2017-10-08 00:00:00,14349040.0,6680435.0,14349040.0
2017-10-09 00:00:00,12242900.0,1451460.0,12242900.0
2017-10-10 00:00:00,26009500.0,8120342.0,26009500.0
2017-10-11 00:00:00,27751310.0,5964717.0,27751310.0
2017-10-12 00:00:00,21752490.0,10003890.0,21752490.0
2017-10-13 00:00:00,30662120.0,3787393.0,30662120.0
2017-10-14 00:00:00,30329230.0,3249025.0,30329230.0
2017-10-15 00:00:00,31297020.0,2830662.0,31297020.0
2017-10-16 00:00:00,30552680.0,3611106.0,30552680.0
2017-10-17 00:00:00,25584280.0,7242942.0,25584280.0
2017-10-18 00:00:00,18780210.0,12149580.0,18780210.0
2017-10-19 00:00:00,17272250.0,4227510.0,17272250.0
2017-10-20 00:00:00,-2225.71,-1778.048,-2225.71
2017-10-21 00:00:00,7176095.0,5467249.0,7176095.0
2017-10-22 00:00:00,32066400.0,3322821.0,32066400.0
2017-10-23 00:00:00,31078920.0,7685604.0,31078920.0
2017-10-24 00:00:00,30686290.0,5515474.0,30686290.0
2017-10-25 00:00:00,32142310.0,3786212.0,32142310.0
2017-10-26 00:00:00,31800270.0,4077397.0,31800270.0
2017-10-27 00:00:00,30104880.0,7319212.0,30104880.0
2017-10-28 00:00:00,31360840.0,7127517.0,31360840.0
2017-10-29 00:00:00,28456470.0,7553361.0,28456470.0
2017-10-30 00:00:00,191289.60000000001,67820.649999999994,191289.60000000001
2017-10-31 00:00:00,33565220.0,3501912.0,33565220.0
2017-11-01 00:00:00,21159120.0,13138060.0,21159120.0
2017-11-02 00:00:00,8002785.0,6118223.0,8002785.0
2017-11-03 00:00:00,21886030.0,9784962.0,21886030.0
2017-11-04 00:00:00,24664230.0,9807377.0,24664230.0
2017-11-05 00:00:00,11665210.0,8882737.0,11665210.0
2017-11-06 00:00:00,31872410.0,6380788.0,31872410.0
2017-11-07 00:00:00,18170910.0,11068830.0,18170910.0
2017-11-08 00:00:00,15608590.0,10716760.0,15608590.0
2017-11-09 00:00:00,26445450.0,12736320.0,26445450.0
2017-11-10 00:00:00,33727350.0,3678644.0,33727350.0
2017-11-11 00:00:00,34417480.0,3142956.0,34417480.0
2017-11-12 00:00:00,35663440.0,3053249.0,35663440.0
